studentId,class
1,1W
2,12T
3,2B
4,2G
5,1M
6,5U
7,10H
8,7U
9,10T
10,5N
11,12C
12,7A
13,8S
14,10U
15,4Y
16,5T
17,7L
18,6L
19,6U
20,1D
21,10X
22,5R
23,8V
24,1J
25,12C
26,1Q
27,12U
28,9O
29,3M
30,3L
31,1Y
32,4U
33,6W
34,10Y
35,11T
36,1C
37,4V
38,2L
39,12G
40,8E
41,3J
42,6E
43,9K
44,3P
45,4K
46,8T
47,2U
48,3H
49,10D
50,10E
51,4X
52,12T
53,9M
54,2G
55,10X
56,10C
57,2I
58,6P
59,1U
60,7I
61,11I
62,12I
63,7F
64,2T
65,2D
66,11Y
67,4P
68,7S
69,9Y
70,6Q
71,1K
72,9U
73,3D
74,7H
75,6V
76,3C
77,7D
78,3A
79,6V
80,8B
81,8K
82,3S
83,3S
84,11Q
85,8O
86,1T
87,12H
88,11E
89,9G
90,1B
91,7G
92,8L
93,5S
94,11P
95,9A
96,5Z
97,4C
98,6G
99,9B
100,3Z
101,8U
102,2R
103,4T
104,10I
105,5G
106,9K
107,5Y
108,10B
109,7J
110,2F
111,4C
112,9H
113,7F
114,4A
115,9T
116,11V
117,10V
118,10W
119,9H
120,9E
121,12F
122,10F
123,1I
124,9Z
125,4U
126,9B
127,11V
128,12R
129,6L
130,12M
131,6D
132,6M
133,3Y
134,3C
135,12H
136,12Q
137,8O
138,1G
139,12Q
140,2L
141,1I
142,3K
143,1N
144,3L
145,10R
146,1C
147,9Y
148,5D
149,5E
150,12B
151,10W
152,12X
153,6K
154,9T
155,2J
156,7B
157,5Z
158,10J
159,2R
160,9J
161,4W
162,12A
163,7D
164,1E
165,5Z
166,2P
167,2W
168,2K
169,9M
170,6V
171,2P
172,2T
173,12S
174,6O
175,1C
176,6Y
177,3G
178,4K
179,3A
180,11J
181,6U
182,12A
183,2U
184,1X
185,12G
186,10K
187,3Q
188,9S
189,9L
190,8O
191,6E
192,1B
193,3P
194,6G
195,11I
196,11I
197,3G
198,3K
199,10N
200,1G
201,11R
202,2I
203,5J
204,5X
205,12B
206,10G
207,5E
208,5W
209,1N
210,11A
211,3W
212,7V
213,8D
214,3R
215,3L
216,7L
217,10K
218,9N
219,2D
220,6T
221,11E
222,3W
223,7B
224,8I
225,9U
226,11Q
227,5P
228,4R
229,6U
230,4J
231,4L
232,2U
233,7Y
234,11F
235,6I
236,10G
237,9Y
238,8V
239,4Q
240,10P
241,7L
242,10U
243,10T
244,4Z
245,7B
246,7D
247,2K
248,7G
249,4A
250,11C
251,5W
252,10L
253,2H
254,4F
255,2S
256,8F
257,7U
258,3N
259,8D
260,6M
261,8S
262,10B
263,11D
264,7C
265,1Q
266,4O
267,11M
268,2O
269,6C
270,6P
271,10C
272,11H
273,9V
274,11E
275,8X
276,3U
277,12C
278,4B
279,2Q
280,10T
281,3W
282,11S
283,7J
284,2H
285,12Y
286,7I
287,8U
288,9E
289,1Y
290,11J
291,8T
292,2J
293,7P
294,3A
295,4R
296,8U
297,10I
298,2K
299,2X
300,10W
301,6P
302,10L
303,1N
304,11B
305,5D
306,10C
307,3N
308,10X
309,2A
310,2Y
311,7F
312,12C
313,1X
314,4N
315,3S
316,4U
317,9T
318,4O
319,2G
320,4S
321,8Q
322,11N
323,8X
324,12H
325,9Q
326,3M
327,3P
328,10D
329,7H
330,8W
331,1X
332,12L
333,2B
334,2N
335,1W
336,11U
337,6O
338,9Z
339,5W
340,5H
341,8H
342,9Q
343,9Y
344,6K
345,5L
346,4N
347,7S
348,3U
349,2N
350,2L
351,7D
352,11B
353,8I
354,9V
355,9J
356,2U
357,3X
358,5P
359,6V
360,6Z
361,12A
362,10W
363,10M
364,12E
365,5O
366,7K
367,6D
368,2Y
369,12X
370,2B
371,3X
372,4G
373,5Y
374,8O
375,6L
376,11U
377,11S
378,9H
379,11C
380,9R
381,1T
382,10P
383,8M
384,4H
385,11O
386,4Y
387,12D
388,11G
389,8U
390,6R
391,2Q
392,3W
393,12F
394,11R
395,3R
396,8Q
397,6Q
398,6L
399,5O
400,2S
401,3J
402,6D
403,8Q
404,6I
405,12V
406,4X
407,6E
408,1Z
409,2Q
410,4Y
411,8S
412,2S
413,8K
414,2M
415,5R
416,5K
417,8H
418,4Y
419,11D
420,11S
421,8Y
422,3U
423,8E
424,9R
425,2Z
426,1M
427,6E
428,9Y
429,9Z
430,2D
431,1B
432,11V
433,12B
434,9F
435,1F
436,6C
437,9F
438,3S
439,8X
440,9N
441,3Y
442,3U
443,9D
444,3B
445,4J
446,4A
447,6Z
448,2C
449,1L
450,7R
451,12C
452,4C
453,2J
454,9K
455,6V
456,1R
457,4S
458,2K
459,2T
460,2A
461,10C
462,11A
463,7V
464,6T
465,5S
466,6E
467,10U
468,10K
469,10G
470,11G
471,5R
472,12Z
473,5M
474,3L
475,11G
476,11Z
477,11W
478,8S
479,4Z
480,8Z
481,6Q
482,10N
483,4Z
484,4S
485,9B
486,2G
487,7D
488,8K
489,7Z
490,11O
491,11Z
492,7P
493,1L
494,10V
495,6F
496,10I
497,10U
498,5B
499,12M
500,5I
501,12S
502,6Q
503,1Q
504,1Z
505,4T
506,2R
507,9N
508,5Q
509,12D
510,7Q
511,11F
512,10A
513,11V
514,4H
515,11D
516,11T
517,9X
518,6J
519,6K
520,4C
521,6L
522,8D
523,8Z
524,8J
525,8V
526,2G
527,4B
528,4Q
529,8V
530,5C
531,6W
532,8K
533,8U
534,5Y
535,10P
536,4G
537,8G
538,11N
539,6C
540,5F
541,4D
542,1L
543,4F
544,9X
545,3Z
546,3C
547,11Y
548,9K
549,6P
550,3H
551,8F
552,4J
553,10M
554,9K
555,1J
556,12H
557,12M
558,7K
559,11J
560,5T
561,8O
562,12C
563,10J
564,2N
565,9K
566,8D
567,1N
568,3M
569,3B
570,7E
571,12V
572,3S
573,4F
574,12P
575,12Q
576,12X
577,9Q
578,10N
579,7N
580,11X
581,12Q
582,1J
583,5R
584,9N
585,3D
586,10A
587,7E
588,10Q
589,2E
590,11V
591,7W
592,12L
593,11T
594,4K
595,9S
596,4L
597,11S
598,2O
599,3I
600,2A
601,11F
602,5O
603,2P
604,10D
605,3F
606,4K
607,10M
608,8N
609,8Y
610,9T
611,3F
612,9Q
613,8P
614,5S
615,1P
616,2C
617,12A
618,3L
619,9D
620,6S
621,11Q
622,2P
623,8S
624,12N
625,4X
626,2K
627,1Y
628,2Y
629,2Q
630,3A
631,12O
632,8L
633,9C
634,9P
635,4Y
636,11B
637,11K
638,11N
639,1O
640,11V
641,8D
642,9L
643,12R
644,3T
645,4P
646,12W
647,10I
648,2H
649,1L
650,4F
651,5B
652,1T
653,10E
654,12H
655,4N
656,10M
657,4I
658,7I
659,5M
660,5T
661,11I
662,10B
663,5Q
664,5D
665,8R
666,9Z
667,10D
668,2A
669,7Y
670,6W
671,3E
672,6Q
673,12T
674,9W
675,6Q
676,11K
677,1E
678,9I
679,9H
680,1C
681,11C
682,6R
683,1C
684,11Z
685,2V
686,9B
687,5D
688,1Q
689,10O
690,9C
691,5Z
692,7Z
693,6M
694,11O
695,10F
696,7W
697,6S
698,8N
699,3C
700,12C
701,5E
702,12Y
703,5Z
704,5L
705,1Q
706,12Q
707,11J
708,9K
709,5L
710,9A
711,8Y
712,11G
713,8L
714,4X
715,12V
716,2M
717,2A
718,10W
719,5G
720,9P
721,12G
722,6G
723,5N
724,2G
725,10Y
726,4P
727,6F
728,11I
729,5N
730,4H
731,1Q
732,12E
733,5Q
734,6E
735,8U
736,11A
737,12E
738,6B
739,12Y
740,10X
741,1I
742,4P
743,10Z
744,5D
745,6W
746,9P
747,2E
748,6E
749,5Q
750,6M
751,8H
752,6R
753,11H
754,10K
755,10Q
756,5B
757,8P
758,8U
759,3D
760,11U
761,7B
762,7H
763,10L
764,11N
765,10X
766,7P
767,11K
768,10P
769,4U
770,1J
771,4O
772,5B
773,7L
774,4S
775,10O
776,5C
777,1S
778,8Q
779,8N
780,4S
781,4H
782,2A
783,4R
784,12L
785,9U
786,7R
787,11K
788,2R
789,2R
790,11T
791,3N
792,1K
793,4U
794,2X
795,12M
796,9G
797,1B
798,9R
799,3R
800,2K
801,6R
802,4Z
803,5U
804,2Z
805,8J
806,2C
807,2R
808,6B
809,3F
810,1T
811,5I
812,6R
813,7J
814,9K
815,8C
816,5B
817,10J
818,8Q
819,2G
820,6P
821,8K
822,6D
823,2Y
824,6Z
825,1R
826,6S
827,5S
828,3E
829,3F
830,12B
831,7U
832,12L
833,5I
834,11E
835,10Z
836,7T
837,11M
838,12T
839,2D
840,6A
841,8X
842,10A
843,7R
844,1G
845,4I
846,12Z
847,1T
848,3W
849,4J
850,12N
851,4C
852,9A
853,8C
854,5R
855,10H
856,4C
857,10Y
858,9U
859,2N
860,7X
861,5V
862,1E
863,9G
864,9F
865,6Y
866,1A
867,10R
868,5I
869,4E
870,11H
871,10H
872,2Y
873,11M
874,10D
875,1J
876,7V
877,8N
878,10U
879,9V
880,9P
881,9H
882,2F
883,4P
884,4Z
885,9S
886,2O
887,11F
888,1A
889,12O
890,4G
891,11E
892,4X
893,8A
894,6M
895,3I
896,5O
897,12I
898,12P
899,10M
900,3W
901,9F
902,7H
903,8J
904,1T
905,3L
906,12Q
907,10V
908,3W
909,7G
910,9T
911,7S
912,10V
913,1M
914,12D
915,5D
916,8T
917,2W
918,7Q
919,2Q
920,7G
921,4S
922,5U
923,9L
924,4A
925,1L
926,4U
927,6C
928,3X
929,2E
930,4Y
931,4D
932,11P
933,2T
934,10T
935,7Y
936,3X
937,10V
938,6M
939,11A
940,5D
941,7U
942,9A
943,11A
944,4O
945,9J
946,10O
947,8Z
948,5B
949,3O
950,10C
951,3Z
952,12U
953,8J
954,7X
955,1M
956,11M
957,3Y
958,9L
959,3S
960,1F
961,6P
962,7D
963,2H
964,5W
965,9G
966,6Y
967,6Z
968,5T
969,2A
970,1C
971,6B
972,7C
973,11G
974,7B
975,5H
976,6O
977,3N
978,2H
979,10Y
980,5M
981,9R
982,5P
983,8Y
984,10B
985,5Z
986,12R
987,4N
988,1S
989,8F
990,12S
991,3X
992,11D
993,12K
994,8J
995,12B
996,5I
997,6U
998,6W
999,10B
1000,3U
1001,11F
1002,2D
1003,9D
1004,1B
1005,6D
1006,3H
1007,5W
1008,6A
1009,1G
1010,5P
1011,12T
1012,1X
1013,2F
1014,5Y
1015,5C
1016,11F
1017,5X
1018,12F
1019,8U
1020,4B
1021,7C
1022,3F
1023,2P
1024,6K
1025,5O
1026,3A
1027,12M
1028,2U
1029,2U
1030,4F
1031,8F
1032,5O
1033,1B
1034,6A
1035,10U
1036,4Z
1037,11A
1038,11R
1039,7U
1040,11W
1041,1O
1042,7O
1043,12S
1044,4U
1045,2G
1046,11M
1047,5O
1048,7V
1049,4O
1050,3C
1051,6W
1052,12C
1053,7R
1054,3M
1055,3W
1056,12N
1057,4T
1058,3F
1059,8I
1060,12T
1061,4S
1062,10V
1063,3N
1064,7B
1065,10C
1066,8J
1067,7G
1068,11F
1069,7I
1070,6P
1071,4D
1072,9V
1073,1B
1074,4T
1075,6N
1076,11Y
1077,12F
1078,2P
1079,2E
1080,2J
1081,2G
1082,12N
1083,3A
1084,2B
1085,10Y
1086,12Y
1087,9T
1088,1S
1089,7I
1090,11Z
1091,8Q
1092,10L
1093,5Y
1094,4N
1095,7S
1096,4X
1097,2N
1098,2F
1099,10V
1100,8C
1101,10W
1102,7N
1103,7H
1104,11U
1105,12L
1106,1Y
1107,6I
1108,6G
1109,1J
1110,6Y
1111,5C
1112,6S
1113,8L
1114,4A
1115,12Y
1116,7P
1117,10N
1118,11O
1119,10N
1120,2S
1121,4J
1122,3W
1123,9M
1124,8B
1125,12I
1126,6K
1127,5B
1128,12X
1129,3M
1130,2U
1131,6Z
1132,9T
1133,7I
1134,2I
1135,10H
1136,9U
1137,9S
1138,11M
1139,9M
1140,4M
1141,4F
1142,12C
1143,7A
1144,4S
1145,1F
1146,2B
1147,5I
1148,11X
1149,4U
1150,12J
1151,5L
1152,12K
1153,3Y
1154,1T
1155,7W
1156,11H
1157,2D
1158,11P
1159,9L
1160,3O
1161,4A
1162,5W
1163,10E
1164,11E
1165,8I
1166,12R
1167,9E
1168,6X
1169,11D
1170,12S
1171,9B
1172,7T
1173,4S
1174,3A
1175,7A
1176,7A
1177,4I
1178,7X
1179,5F
1180,10O
1181,2I
1182,6H
1183,8V
1184,8J
1185,9X
1186,2U
1187,10L
1188,6P
1189,9S
1190,3H
1191,7V
1192,6I
1193,2Y
1194,1H
1195,2Q
1196,5W
1197,7V
1198,3R
1199,4O
1200,1E
1201,12H
1202,8T
1203,5F
1204,4O
1205,6F
1206,11F
1207,1Z
1208,1P
1209,10U
1210,8G
1211,12J
1212,3T
1213,7L
1214,9I
1215,8W
1216,2D
1217,3W
1218,4Y
1219,1D
1220,6B
1221,5Y
1222,9U
1223,5J
1224,4T
1225,7E
1226,7O
1227,3B
1228,7U
1229,2D
1230,4M
1231,1F
1232,12A
1233,4E
1234,9Q
1235,2E
1236,3Y
1237,6G
1238,2X
1239,8F
1240,3F
1241,10B
1242,12H
1243,8H
1244,12N
1245,3C
1246,11P
1247,11L
1248,9Y
1249,2I
1250,12K
1251,1S
1252,2T
1253,12W
1254,3T
1255,3N
1256,5A
1257,2Y
1258,2A
1259,1V
1260,6G
1261,5D
1262,11X
1263,5F
1264,12B
1265,12X
1266,8H
1267,1E
1268,12U
1269,3X
1270,2M
1271,5C
1272,7R
1273,7J
1274,4X
1275,8Z
1276,2I
1277,11H
1278,5Q
1279,11N
1280,3X
1281,9R
1282,7B
1283,2Y
1284,6J
1285,7E
1286,9Q
1287,5H
1288,4R
1289,4J
1290,5C
1291,9G
1292,5T
1293,12A
1294,2F
1295,2K
1296,5T
1297,1R
1298,7J
1299,1Y
1300,10Q
1301,9M
1302,3J
1303,2X
1304,8D
1305,1K
1306,5Z
1307,5P
1308,5Q
1309,10O
1310,3V
1311,1P
1312,6Q
1313,5T
1314,7D
1315,7L
1316,2E
1317,8R
1318,10S
1319,9O
1320,4V
1321,1B
1322,9E
1323,3K
1324,2O
1325,11B
1326,1V
1327,3F
1328,6U
1329,10P
1330,5O
1331,12D
1332,5Z
1333,2N
1334,3I
1335,12M
1336,8C
1337,11F
1338,4W
1339,3Z
1340,4M
1341,11F
1342,10M
1343,4I
1344,1V
1345,5A
1346,10S
1347,9H
1348,12C
1349,7J
1350,9Q
1351,11T
1352,6S
1353,5T
1354,3P
1355,1Z
1356,11R
1357,1Z
1358,10F
1359,8P
1360,11Y
1361,3F
1362,9H
1363,4P
1364,2C
1365,12Q
1366,7M
1367,7T
1368,4R
1369,7P
1370,11G
1371,7R
1372,6N
1373,1F
1374,10Z
1375,9F
1376,11T
1377,2I
1378,5Z
1379,6M
1380,5R
1381,1D
1382,10M
1383,5J
1384,8R
1385,4V
1386,9H
1387,10G
1388,2G
1389,6E
1390,2H
1391,12W
1392,4A
1393,3L
1394,2Z
1395,9J
1396,3N
1397,7P
1398,6Y
1399,1S
1400,12R
1401,6Q
1402,6M
1403,1G
1404,1K
1405,4T
1406,12C
1407,7J
1408,9W
1409,5O
1410,1J
1411,6C
1412,8M
1413,7G
1414,6O
1415,10B
1416,3C
1417,7Z
1418,4K
1419,1G
1420,1V
1421,4V
1422,7T
1423,10M
1424,1W
1425,4U
1426,7F
1427,10O
1428,2Y
1429,9U
1430,8D
1431,4A
1432,11J
1433,10U
1434,10L
1435,12J
1436,2I
1437,3K
1438,11T
1439,10S
1440,1Z
1441,11A
1442,5C
1443,6F
1444,1N
1445,5Z
1446,9D
1447,3Q
1448,9L
1449,6P
1450,3G
1451,8N
1452,6B
1453,8I
1454,10V
1455,11C
1456,7H
1457,1D
1458,10J
1459,7W
1460,2L
1461,3K
1462,9O
1463,1O
1464,4V
1465,9V
1466,12D
1467,12R
1468,2C
1469,4B
1470,9E
1471,3G
1472,2T
1473,8H
1474,5H
1475,6C
1476,8E
1477,1H
1478,4N
1479,5R
1480,7R
1481,12Z
1482,4B
1483,1V
1484,4O
1485,2W
1486,10N
1487,3L
1488,6L
1489,11L
1490,2X
1491,11S
1492,9G
1493,10W
1494,12H
1495,7H
1496,12W
1497,9F
1498,1V
1499,9N
1500,1Z
1501,3J
1502,6J
1503,9I
1504,6O
1505,3X
1506,12Q
1507,9H
1508,4G
1509,2B
1510,7F
1511,12T
1512,9F
1513,5I
1514,4X
1515,6P
1516,2S
1517,8Y
1518,8S
1519,7K
1520,7O
1521,8I
1522,4P
1523,7C
1524,7S
1525,1O
1526,2Y
1527,9A
1528,7P
1529,6K
1530,7T
1531,3G
1532,9A
1533,7D
1534,8A
1535,2N
1536,11K
1537,10C
1538,7N
1539,12E
1540,4Y
1541,11U
1542,10J
1543,3L
1544,9V
1545,6U
1546,3G
1547,11V
1548,9N
1549,12B
1550,11T
1551,2H
1552,10T
1553,10W
1554,1B
1555,11H
1556,2F
1557,2D
1558,7H
1559,1I
1560,12Z
1561,9H
1562,2R
1563,7Z
1564,4A
1565,7R
1566,8R
1567,9Q
1568,9V
1569,11Z
1570,8O
1571,5C
1572,2E
1573,12S
1574,5S
1575,6G
1576,7R
1577,8Z
1578,3T
1579,5X
1580,6P
1581,11P
1582,6O
1583,12U
1584,7R
1585,12K
1586,4T
1587,8U
1588,2Q
1589,9V
1590,4K
1591,6K
1592,3B
1593,9S
1594,12J
1595,8W
1596,5G
1597,8B
1598,5F
1599,8Z
1600,3O
1601,9E
1602,8W
1603,4P
1604,11E
1605,7O
1606,7P
1607,7B
1608,10N
1609,7U
1610,6J
1611,8S
1612,9Q
1613,12S
1614,10N
1615,11C
1616,1T
1617,11R
1618,6D
1619,7D
1620,5P
1621,5U
1622,1O
1623,4I
1624,5E
1625,11Q
1626,12K
1627,6L
1628,4P
1629,4T
1630,2G
1631,5C
1632,8Y
1633,10I
1634,8B
1635,8Z
1636,7V
1637,2F
1638,10X
1639,2C
1640,4X
1641,3J
1642,9R
1643,10L
1644,8E
1645,2G
1646,4U
1647,8C
1648,6B
1649,7Y
1650,7M
1651,6O
1652,1B
1653,11E
1654,9Y
1655,2T
1656,12E
1657,11E
1658,3A
1659,1S
1660,6Y
1661,6Z
1662,11V
1663,12P
1664,8U
1665,2R
1666,5F
1667,11D
1668,8N
1669,7M
1670,1Z
1671,8I
1672,4Q
1673,1Y
1674,11R
1675,11G
1676,12O
1677,2F
1678,2A
1679,4Q
1680,6U
1681,4W
1682,2T
1683,1M
1684,8B
1685,2Q
1686,10X
1687,7C
1688,7Y
1689,2Z
1690,6A
1691,12V
1692,5I
1693,1N
1694,4A
1695,4Y
1696,2F
1697,4Q
1698,3M
1699,3J
1700,10Q
1701,8C
1702,3F
1703,5K
1704,5U
1705,2A
1706,1J
1707,5X
1708,6G
1709,3Z
1710,8V
1711,8C
1712,6Y
1713,6A
1714,11G
1715,8K
1716,11N
1717,8M
1718,12J
1719,1P
1720,12F
1721,4Y
1722,7R
1723,10X
1724,9Z
1725,1F
1726,2L
1727,8D
1728,9A
1729,1Z
1730,8Z
1731,6W
1732,10W
1733,3B
1734,6M
1735,7S
1736,4C
1737,12C
1738,12L
1739,4N
1740,9Z
1741,4B
1742,10D
1743,2E
1744,8V
1745,4P
1746,6U
1747,9Q
1748,1F
1749,1D
1750,12A
1751,11H
1752,11B
1753,7K
1754,4B
1755,4V
1756,12V
1757,3Y
1758,4B
1759,6F
1760,3Q
1761,11C
1762,9W
1763,7G
1764,10C
1765,12A
1766,1T
1767,4W
1768,7E
1769,1N
1770,1L
1771,10V
1772,9Z
1773,7R
1774,6G
1775,4H
1776,5R
1777,9S
1778,10M
1779,4M
1780,1L
1781,7D
1782,4S
1783,1F
1784,3C
1785,9K
1786,10M
1787,6X
1788,9K
1789,1Z
1790,8F
1791,9M
1792,1W
1793,3Q
1794,12G
1795,8Y
1796,12K
1797,8A
1798,2Q
1799,7S
1800,4K
1801,7H
1802,2I
1803,1R
1804,6V
1805,4G
1806,3R
1807,5O
1808,3S
1809,2N
1810,10B
1811,5A
1812,2C
1813,8M
1814,10R
1815,5Y
1816,6S
1817,7Q
1818,10E
1819,9Q
1820,6W
1821,12T
1822,9C
1823,11N
1824,7J
1825,8X
1826,10M
1827,1Q
1828,2Q
1829,2Y
1830,3B
1831,7S
1832,2D
1833,3S
1834,9C
1835,1P
1836,5E
1837,7Q
1838,1F
1839,4S
1840,3S
1841,6P
1842,1X
1843,4H
1844,1G
1845,9O
1846,8N
1847,9D
1848,2T
1849,8L
1850,11G
1851,5R
1852,5N
1853,5M
1854,4U
1855,9V
1856,6Q
1857,3L
1858,10C
1859,11Y
1860,6Y
1861,8Y
1862,12W
1863,6X
1864,1M
1865,1R
1866,2W
1867,7D
1868,10B
1869,12F
1870,10O
1871,9N
1872,4G
1873,3A
1874,9G
1875,3R
1876,9H
1877,10E
1878,5O
1879,9L
1880,11T
1881,3H
1882,4Y
1883,5K
1884,3Y
1885,11R
1886,5B
1887,8S
1888,7V
1889,4S
1890,7M
1891,7V
1892,11B
1893,6J
1894,6L
1895,4A
1896,6P
1897,1X
1898,6M
1899,2I
1900,11Y
1901,10R
1902,4P
1903,4J
1904,7J
1905,6Z
1906,2Y
1907,8G
1908,7Y
1909,1E
1910,12V
1911,9E
1912,5N
1913,9U
1914,10K
1915,9K
1916,8J
1917,11N
1918,6R
1919,4U
1920,9E
1921,2B
1922,11L
1923,1E
1924,7A
1925,10P
1926,8M
1927,7D
1928,8W
1929,10K
1930,12U
1931,2X
1932,8L
1933,11C
1934,8V
1935,2M
1936,2Y
1937,11H
1938,9H
1939,9Q
1940,2H
1941,8O
1942,5E
1943,8N
1944,4Y
1945,1C
1946,4N
1947,11E
1948,4Z
1949,9S
1950,1V
1951,10N
1952,9S
1953,12O
1954,12T
1955,6Q
1956,9P
1957,7Z
1958,4N
1959,3X
1960,1L
1961,6L
1962,4H
1963,9J
1964,10J
1965,6E
1966,1E
1967,2M
1968,8J
1969,1I
1970,4A
1971,2N
1972,3G
1973,8T
1974,5V
1975,5B
1976,1D
1977,7A
1978,2E
1979,1D
1980,5P
1981,10A
1982,6E
1983,11N
1984,11T
1985,8A
1986,12Y
1987,2C
1988,2A
1989,10S
1990,5X
1991,1E
1992,12P
1993,12J
1994,8L
1995,5G
1996,4G
1997,12K
1998,7J
1999,2A
2000,1U